{"cameraMode":{"drawMode":0,"name":"Shaded","section":"Shading Mode"},"sceneLighting":false,"audioPlay":false,"sceneViewState":{"m_AlwaysRefresh":false,"showFog":true,"showSkybox":false,"showFlares":true,"showImageEffects":true,"showParticleSystems":true,"showVisualEffectGraphs":true,"m_FxEnabled":true},"in2DMode":false,"pivot":{"x":-2.497380018234253,"y":6.556179523468018,"z":11.42602252960205},"rotation":{"x":0.19229398667812348,"y":-0.0029440245125442745,"z":0.0005768807604908943,"w":0.9813330173492432},"size":3.5002706050872804,"orthographic":false}